{
"lengthUnit": "mil",
"components": {
	"fields": ["COMPONENT_NO", "COMPONENT_NAME", "LAYER", "X_COORDINATE", "Y_COORDINATE", "ANGLE"],
	"rows": [
		[1, "AUDIO1", "T", 2145, 4395, 180],
		[2, "C1", "T", 1384.38, 3289, 90],
		[3, "C2", "T", 1344.38, 3289, 90],
		[4, "C12", "T", 1720.13, 3397.13, 180],
		[5, "C13", "T", 1720.13, 3617.13, 180],
		[6, "C17", "T", 1424.38, 3289, 90],
		[7, "C21", "T", 1671.08, 4416.08, 0],
		[8, "C22", "T", 1669.48, 4456.58, 0],
		[9, "C23", "T", 1806.6, 3835.99, 270],
		[10, "C24", "T", 1751.6, 3835.99, 270],
		[11, "C25", "T", 1227.07, 4019.38, 90],
		[12, "C26", "T", 1410.61, 4190, 0],
		[13, "C27", "T", 1626.08, 4626.08, 270],
		[14, "C28", "T", 1586.08, 4626.08, 270],
		[15, "C29", "T", 1546.08, 4626.08, 270],
		[16, "C30", "T", 1506.08, 4626.08, 270],
		[17, "C31", "T", 1466.08, 4626.08, 270],
		[18, "C32", "T", 1426.08, 4626.08, 270],
		[19, "C33", "T", 1386.08, 4626.08, 270],
		[20, "C34", "T", 1306.13, 4361.85, 0],
		[21, "C35", "T", 1306.08, 4401.08, 0],
		[22, "C36", "T", 1760, 4035, 270],
		[23, "C37", "T", 903.22, 4680.97, 0],
		[24, "C38", "T", 903.22, 4625.97, 0],
		[25, "C39", "T", 902.47, 4410.59, 0],
		[26, "C40", "T", 903.22, 4355.2, 0],
		[27, "C41", "T", 902.92, 4271.78, 0],
		[28, "C42", "T", 1053.22, 4410.97, 180],
		[29, "C43", "T", 1053.22, 4610.97, 180],
		[30, "C44", "T", 1306.08, 4521.08, 180],
		[31, "C45", "T", 1346.08, 4626.08, 270],
		[32, "D1", "T", 915, 3970, 90],
		[33, "H1", "T", 978.64, 3356.67, 180],
		[34, "H2", "T", 848.64, 3566.67, 0],
		[35, "L1", "T", 1016.89, 4306.09, 270],
		[36, "LED1", "T", 2343.65, 4081.95, 0],
		[37, "Q1", "T", 901.89, 4518.3, 270],
		[38, "R4", "T", 1549.38, 3314, 0],
		[39, "R6", "T", 1285, 3690, 180],
		[40, "R8", "T", 1666.08, 4496.08, 0],
		[41, "R9", "T", 1907.96, 3297.04, 0],
		[42, "R11", "T", 1316.08, 4481.08, 0],
		[43, "R12", "T", 1316.08, 4441.08, 0],
		[44, "R13", "T", 915, 4060, 0],
		[45, "R14", "T", 1045, 3990, 180],
		[46, "R15", "T", 1045, 3950, 180],
		[47, "R16", "T", 915, 3880, 0],
		[48, "R18", "T", 2345.79, 4033.07, 180],
		[49, "U2", "T", 1428.66, 3501.39, 180],
		[50, "U6", "T", 1488.27, 4443.43, 180],
		[51, "U7", "T", 1497.07, 3926.46, 90],
		[52, "U10", "T", 1905, 3200, 0],
		[53, "U11", "T", 1053.22, 4510.97, 270],
		[54, "USB1", "T", 2180, 3665, 90],
		[55, "USB2", "T", 694.07, 3969.57, 90],
		[56, "X1", "T", 1720.13, 3507.13, 90]
	]
},
"pins": {
	"fields": ["PIN_NO", "PIN_NAME", "PIN_X", "PIN_Y", "LAYER", "PIN_TYPE", "NET_NAME", "NET_TYPE", "PAD_SHAPE", "PAD_SIZEX", "PAD_SIZEY", "HOLE_SIZE", "PAD_ANGLE"],
	"rows": [
		[1, "AUDIO1_1", 2330.04, 4532.8, "T", "SMD", "$1N10709", "", "R", 90.55, 70.87, 0, 90],
		[2, "AUDIO1_2", 2330.04, 4257.2, "T", "SMD", "GND", "GND", "R", 90.55, 70.87, 0, 90],
		[3, "AUDIO1_3", 2196.18, 4532.8, "T", "SMD", "$1N10774", "", "R", 90.55, 70.87, 0, 90],
		[4, "AUDIO1_4", 2046.58, 4257.2, "T", "SMD", "$1N10774", "", "R", 90.55, 70.87, 0, 90],
		[5, "AUDIO1_5", 1959.96, 4257.2, "T", "SMD", "AUDIO1_5", "", "R", 90.55, 70.87, 0, 90],
		[6, "AUDIO1_6", 1979.65, 4532.8, "T", "SMD", "AUDIO1_6", "", "R", 90.55, 70.87, 0, 90],
		[7, "C1_1", 1384.38, 3267.54, "T", "SMD", "GND", "GND", "R", 31.11, 21.26, 0, 90],
		[8, "C1_2", 1384.38, 3310.46, "T", "SMD", "VBUS", "", "R", 31.11, 21.26, 0, 90],
		[9, "C2_1", 1344.38, 3267.54, "T", "SMD", "GND", "GND", "R", 31.11, 21.26, 0, 90],
		[10, "C2_2", 1344.38, 3310.46, "T", "SMD", "VBUS", "", "R", 31.11, 21.26, 0, 90],
		[11, "C12_1", 1741.59, 3397.13, "T", "SMD", "$1N1327", "", "R", 31.11, 21.26, 0, 180],
		[12, "C12_2", 1698.67, 3397.13, "T", "SMD", "GND", "GND", "R", 31.11, 21.26, 0, 180],
		[13, "C13_1", 1741.59, 3617.13, "T", "SMD", "GND", "GND", "R", 31.11, 21.26, 0, 180],
		[14, "C13_2", 1698.67, 3617.13, "T", "SMD", "$1N1326", "", "R", 31.11, 21.26, 0, 180],
		[15, "C17_1", 1424.38, 3267.54, "T", "SMD", "GND", "GND", "R", 31.11, 21.26, 0, 90],
		[16, "C17_2", 1424.38, 3310.46, "T", "SMD", "$1N1333", "", "R", 31.11, 21.26, 0, 90],
		[17, "C21_1", 1649.62, 4416.08, "T", "SMD", "$1N10660", "", "R", 31.11, 21.26, 0, 0],
		[18, "C21_2", 1692.54, 4416.08, "T", "SMD", "$1N10709", "", "R", 31.11, 21.26, 0, 0],
		[19, "C22_1", 1648.02, 4456.58, "T", "SMD", "$1N10655", "", "R", 31.11, 21.26, 0, 0],
		[20, "C22_2", 1690.94, 4456.58, "T", "SMD", "GND", "GND", "R", 31.11, 21.26, 0, 0],
		[21, "C23_1", 1806.6, 3875.36, "T", "SMD", "GND", "GND", "R", 55.51, 53.15, 0, 270],
		[22, "C23_2", 1806.6, 3796.62, "T", "SMD", "+3.3V", "", "R", 55.51, 53.15, 0, 270],
		[23, "C24_1", 1751.6, 3857.45, "T", "SMD", "GND", "GND", "R", 31.11, 21.26, 0, 270],
		[24, "C24_2", 1751.6, 3814.53, "T", "SMD", "+3.3V", "", "R", 31.11, 21.26, 0, 270],
		[25, "C25_1", 1227.07, 3997.92, "T", "SMD", "GND", "GND", "R", 31.11, 21.26, 0, 90],
		[26, "C25_2", 1227.07, 4040.84, "T", "SMD", "+3.3V", "", "R", 31.11, 21.26, 0, 90],
		[27, "C26_1", 1389.15, 4190, "T", "SMD", "GND", "GND", "R", 31.11, 21.26, 0, 0],
		[28, "C26_2", 1432.07, 4190, "T", "SMD", "+3.3V", "", "R", 31.11, 21.26, 0, 0],
		[29, "C27_1", 1626.08, 4647.54, "T", "SMD", "GND", "GND", "R", 31.11, 21.26, 0, 270],
		[30, "C27_2", 1626.08, 4604.62, "T", "SMD", "$1N10390", "", "R", 31.11, 21.26, 0, 270],
		[31, "C28_1", 1586.08, 4647.54, "T", "SMD", "GND", "GND", "R", 31.11, 21.26, 0, 270],
		[32, "C28_2", 1586.08, 4604.62, "T", "SMD", "$1N10390", "", "R", 31.11, 21.26, 0, 270],
		[33, "C29_1", 1546.08, 4647.54, "T", "SMD", "GND", "GND", "R", 31.11, 21.26, 0, 270],
		[34, "C29_2", 1546.08, 4604.62, "T", "SMD", "$1N10572", "", "R", 31.11, 21.26, 0, 270],
		[35, "C30_1", 1506.08, 4647.54, "T", "SMD", "GND", "GND", "R", 31.11, 21.26, 0, 270],
		[36, "C30_2", 1506.08, 4604.62, "T", "SMD", "$1N10576", "", "R", 31.11, 21.26, 0, 270],
		[37, "C31_1", 1466.08, 4647.54, "T", "SMD", "GND", "GND", "R", 31.11, 21.26, 0, 270],
		[38, "C31_2", 1466.08, 4604.62, "T", "SMD", "$1N10211", "", "R", 31.11, 21.26, 0, 270],
		[39, "C32_1", 1426.08, 4647.54, "T", "SMD", "GND", "GND", "R", 31.11, 21.26, 0, 270],
		[40, "C32_2", 1426.08, 4604.62, "T", "SMD", "$1N10211", "", "R", 31.11, 21.26, 0, 270],
		[41, "C33_1", 1386.08, 4647.54, "T", "SMD", "GND", "GND", "R", 31.11, 21.26, 0, 270],
		[42, "C33_2", 1386.08, 4604.62, "T", "SMD", "+1.8V", "", "R", 31.11, 21.26, 0, 270],
		[43, "C34_1", 1284.67, 4361.85, "T", "SMD", "GND", "GND", "R", 31.11, 21.26, 0, 0],
		[44, "C34_2", 1327.59, 4361.85, "T", "SMD", "+1.8V", "", "R", 31.11, 21.26, 0, 0],
		[45, "C35_1", 1284.62, 4401.08, "T", "SMD", "GND", "GND", "R", 31.11, 21.26, 0, 0],
		[46, "C35_2", 1327.54, 4401.08, "T", "SMD", "+3.3V", "", "R", 31.11, 21.26, 0, 0],
		[47, "C36_1", 1760, 4056.46, "T", "SMD", "GND", "GND", "R", 31.11, 21.26, 0, 270],
		[48, "C36_2", 1760, 4013.54, "T", "SMD", "NRST", "", "R", 31.11, 21.26, 0, 270],
		[49, "C37_1", 863.85, 4680.97, "T", "SMD", "GND", "GND", "R", 55.51, 53.15, 0, 0],
		[50, "C37_2", 942.59, 4680.97, "T", "SMD", "VBUS", "", "R", 55.51, 53.15, 0, 0],
		[51, "C38_1", 881.76, 4625.97, "T", "SMD", "GND", "GND", "R", 31.11, 21.26, 0, 0],
		[52, "C38_2", 924.68, 4625.97, "T", "SMD", "VBUS", "", "R", 31.11, 21.26, 0, 0],
		[53, "C39_1", 881.01, 4410.59, "T", "SMD", "GND", "GND", "R", 31.11, 21.26, 0, 0],
		[54, "C39_2", 923.93, 4410.59, "T", "SMD", "$1N9520", "", "R", 31.11, 21.26, 0, 0],
		[55, "C40_1", 863.85, 4355.2, "T", "SMD", "GND", "GND", "R", 55.51, 53.15, 0, 0],
		[56, "C40_2", 942.59, 4355.2, "T", "SMD", "$1N9520", "", "R", 55.51, 53.15, 0, 0],
		[57, "C41_1", 863.55, 4271.78, "T", "SMD", "GND", "GND", "R", 55.51, 53.15, 0, 0],
		[58, "C41_2", 942.29, 4271.78, "T", "SMD", "+3.3V", "", "R", 55.51, 53.15, 0, 0],
		[59, "C42_1", 1074.68, 4410.97, "T", "SMD", "GND", "GND", "R", 31.11, 21.26, 0, 180],
		[60, "C42_2", 1031.76, 4410.97, "T", "SMD", "+3.3V", "", "R", 31.11, 21.26, 0, 180],
		[61, "C43_1", 1074.68, 4610.97, "T", "SMD", "GND", "GND", "R", 31.11, 21.26, 0, 180],
		[62, "C43_2", 1031.76, 4610.97, "T", "SMD", "+1.8V", "", "R", 31.11, 21.26, 0, 180],
		[63, "C44_1", 1327.54, 4521.08, "T", "SMD", "$1N10766", "", "R", 31.11, 21.26, 0, 180],
		[64, "C44_2", 1284.62, 4521.08, "T", "SMD", "$1N10774", "", "R", 31.11, 21.26, 0, 180],
		[65, "C45_1", 1346.08, 4647.54, "T", "SMD", "GND", "GND", "R", 31.11, 21.26, 0, 270],
		[66, "C45_2", 1346.08, 4604.62, "T", "SMD", "+1.8V", "", "R", 31.11, 21.26, 0, 270],
		[67, "D1_1", 960.24, 3932.6, "T", "SMD", "$1N8829", "", "R", 20.95, 42.2, 0, 90],
		[68, "D1_2", 960.24, 3970, "T", "SMD", "GND", "GND", "R", 20.95, 42.2, 0, 90],
		[69, "D1_3", 960.24, 4007.4, "T", "SMD", "$1N8828", "", "R", 20.95, 42.2, 0, 90],
		[70, "D1_4", 869.76, 4007.4, "T", "SMD", "$1N8825", "", "R", 20.95, 42.2, 0, 90],
		[71, "D1_5", 869.76, 3970, "T", "SMD", "VBUS", "", "R", 20.95, 42.2, 0, 90],
		[72, "D1_6", 869.76, 3932.6, "T", "SMD", "$1N8824", "", "R", 20.95, 42.2, 0, 90],
		[73, "H1_1", 1028.64, 3356.67, "T", "DIP", "PA2", "", "R", 70.87, 70.87, 43.31, 180],
		[74, "H1_1", 1028.64, 3356.67, "B", "DIP", "PA2", "", "R", 70.87, 70.87, 43.31, 180],
		[75, "H1_2", 928.64, 3356.67, "T", "DIP", "GND", "GND", "C", 70.87, 70.87, 43.31, 180],
		[76, "H1_2", 928.64, 3356.67, "B", "DIP", "GND", "GND", "C", 70.87, 70.87, 43.31, 180],
		[77, "H2_1", 648.64, 3566.67, "T", "DIP", "+3.3V", "", "R", 66.93, 66.93, 43.31, 0],
		[78, "H2_1", 648.64, 3566.67, "B", "DIP", "+3.3V", "", "R", 66.93, 66.93, 43.31, 0],
		[79, "H2_2", 748.64, 3566.67, "T", "DIP", "PA14", "", "C", 66.93, 66.93, 43.31, 0],
		[80, "H2_2", 748.64, 3566.67, "B", "DIP", "PA14", "", "C", 66.93, 66.93, 43.31, 0],
		[81, "H2_3", 848.64, 3566.67, "T", "DIP", "GND", "GND", "C", 66.93, 66.93, 43.31, 0],
		[82, "H2_3", 848.64, 3566.67, "B", "DIP", "GND", "GND", "C", 66.93, 66.93, 43.31, 0],
		[83, "H2_4", 948.64, 3566.67, "T", "DIP", "PA13", "", "C", 66.93, 66.93, 43.31, 0],
		[84, "H2_4", 948.64, 3566.67, "B", "DIP", "PA13", "", "C", 66.93, 66.93, 43.31, 0],
		[85, "H2_5", 1048.64, 3566.67, "T", "DIP", "NRST", "", "C", 66.93, 66.93, 43.31, 0],
		[86, "H2_5", 1048.64, 3566.67, "B", "DIP", "NRST", "", "C", 66.93, 66.93, 43.31, 0],
		[87, "L1_1", 1016.89, 4333.65, "T", "SMD", "$1N9520", "", "R", 31.5, 34.02, 0, 90],
		[88, "L1_2", 1016.89, 4278.54, "T", "SMD", "+3.3V", "", "R", 31.5, 34.02, 0, 90],
		[89, "LED1_1", 2312.17, 4081.81, "T", "SMD", "PA0", "", "R", 31.5, 31.5, 0, 90],
		[90, "LED1_2", 2375.12, 4082.08, "T", "SMD", "$1N17270", "", "R", 31.5, 31.5, 0, 90],
		[91, "Q1_1", 939.29, 4569.48, "T", "SMD", "VBUS", "", "R", 19.68, 35.43, 0, 180],
		[92, "Q1_2", 901.89, 4569.48, "T", "SMD", "GND", "GND", "R", 19.68, 35.43, 0, 180],
		[93, "Q1_3", 864.49, 4569.48, "T", "SMD", "VBUS", "", "R", 19.68, 35.43, 0, 180],
		[94, "Q1_4", 864.49, 4467.12, "T", "SMD", "Q1_4", "", "R", 19.68, 35.43, 0, 180],
		[95, "Q1_5", 939.29, 4467.12, "T", "SMD", "$1N9520", "", "R", 19.68, 35.43, 0, 180],
		[96, "R4_1", 1532.34, 3314, "T", "SMD", "$1N1333", "", "R", 22.27, 21.26, 0, 0],
		[97, "R4_2", 1566.42, 3314, "T", "SMD", "$1N1341", "", "R", 22.27, 21.26, 0, 0],
		[98, "R6_1", 1302.04, 3690, "T", "SMD", "GND", "GND", "R", 22.27, 21.26, 0, 180],
		[99, "R6_2", 1267.96, 3690, "T", "SMD", "$1N1330", "", "R", 22.27, 21.26, 0, 180],
		[100, "R8_1", 1649.04, 4496.08, "T", "SMD", "$1N10390", "", "R", 22.27, 21.26, 0, 0],
		[101, "R8_2", 1683.12, 4496.08, "T", "SMD", "$1N10709", "", "R", 22.27, 21.26, 0, 0],
		[102, "R9_1", 1890.92, 3297.04, "T", "SMD", "$1N11459", "", "R", 22.27, 21.26, 0, 0],
		[103, "R9_2", 1925, 3297.04, "T", "SMD", "GND", "GND", "R", 22.27, 21.26, 0, 0],
		[104, "R11_1", 1299.04, 4481.08, "T", "SMD", "+3.3V", "", "R", 22.27, 21.26, 0, 0],
		[105, "R11_2", 1333.12, 4481.08, "T", "SMD", "PB7", "", "R", 22.27, 21.26, 0, 0],
		[106, "R12_1", 1299.04, 4441.08, "T", "SMD", "+3.3V", "", "R", 22.27, 21.26, 0, 0],
		[107, "R12_2", 1333.12, 4441.08, "T", "SMD", "PA15", "", "R", 22.27, 21.26, 0, 0],
		[108, "R13_1", 897.96, 4060, "T", "SMD", "$1N8826", "", "R", 22.27, 21.26, 0, 0],
		[109, "R13_2", 932.04, 4060, "T", "SMD", "GND", "GND", "R", 22.27, 21.26, 0, 0],
		[110, "R14_1", 1062.04, 3990, "T", "SMD", "D-", "", "R", 22.27, 21.26, 0, 180],
		[111, "R14_2", 1027.96, 3990, "T", "SMD", "$1N8828", "", "R", 22.27, 21.26, 0, 180],
		[112, "R15_1", 1062.04, 3950, "T", "SMD", "D+", "", "R", 22.27, 21.26, 0, 180],
		[113, "R15_2", 1027.96, 3950, "T", "SMD", "$1N8829", "", "R", 22.27, 21.26, 0, 180],
		[114, "R16_1", 897.96, 3880, "T", "SMD", "$1N8823", "", "R", 22.27, 21.26, 0, 0],
		[115, "R16_2", 932.04, 3880, "T", "SMD", "GND", "GND", "R", 22.27, 21.26, 0, 0],
		[116, "R18_1", 2362.83, 4033.07, "T", "SMD", "$1N17270", "", "R", 22.27, 21.26, 0, 180],
		[117, "R18_2", 2328.75, 4033.07, "T", "SMD", "+3.3V", "", "R", 22.27, 21.26, 0, 180],
		[118, "U2_1", 1592.44, 3604.76, "T", "SMD", "GND", "GND", "R", 13.78, 68.94, 0, 180],
		[119, "U2_2", 1567.24, 3604.76, "T", "SMD", "$1N1326", "", "R", 13.78, 68.94, 0, 180],
		[120, "U2_3", 1542.05, 3604.76, "T", "SMD", "$1N1327", "", "R", 13.78, 68.94, 0, 180],
		[121, "U2_4", 1516.85, 3604.76, "T", "SMD", "PA11", "", "R", 13.78, 68.94, 0, 180],
		[122, "U2_5", 1491.65, 3604.76, "T", "SMD", "PA12", "", "R", 13.78, 68.94, 0, 180],
		[123, "U2_6", 1466.46, 3604.76, "T", "SMD", "U2_6", "", "R", 13.78, 68.94, 0, 180],
		[124, "U2_7", 1441.26, 3604.76, "T", "SMD", "U2_7", "", "R", 13.78, 68.94, 0, 180],
		[125, "U2_8", 1416.06, 3604.76, "T", "SMD", "A_D-", "", "R", 13.78, 68.94, 0, 180],
		[126, "U2_9", 1390.86, 3604.76, "T", "SMD", "A_D+", "", "R", 13.78, 68.94, 0, 180],
		[127, "U2_10", 1365.67, 3604.76, "T", "SMD", "U2_10", "", "R", 13.78, 68.94, 0, 180],
		[128, "U2_11", 1340.47, 3604.76, "T", "SMD", "U2_11", "", "R", 13.78, 68.94, 0, 180],
		[129, "U2_12", 1315.27, 3604.76, "T", "SMD", "U2_12", "", "R", 13.78, 68.94, 0, 180],
		[130, "U2_13", 1290.08, 3604.76, "T", "SMD", "U2_13", "", "R", 13.78, 68.94, 0, 180],
		[131, "U2_14", 1264.88, 3604.76, "T", "SMD", "$1N1330", "", "R", 13.78, 68.94, 0, 180],
		[132, "U2_15", 1264.88, 3398.02, "T", "SMD", "D-", "", "R", 13.78, 68.94, 0, 180],
		[133, "U2_16", 1290.08, 3398.02, "T", "SMD", "D+", "", "R", 13.78, 68.94, 0, 180],
		[134, "U2_17", 1315.27, 3398.02, "T", "SMD", "$1N1333", "", "R", 13.78, 68.94, 0, 180],
		[135, "U2_18", 1340.47, 3398.02, "T", "SMD", "$1N1333", "", "R", 13.78, 68.94, 0, 180],
		[136, "U2_19", 1365.67, 3398.02, "T", "SMD", "$1N1333", "", "R", 13.78, 68.94, 0, 180],
		[137, "U2_20", 1390.86, 3398.02, "T", "SMD", "VBUS", "", "R", 13.78, 68.94, 0, 180],
		[138, "U2_21", 1416.06, 3398.02, "T", "SMD", "$1N1333", "", "R", 13.78, 68.94, 0, 180],
		[139, "U2_22", 1441.26, 3398.02, "T", "SMD", "U2_22", "", "R", 13.78, 68.94, 0, 180],
		[140, "U2_23", 1466.46, 3398.02, "T", "SMD", "U2_23", "", "R", 13.78, 68.94, 0, 180],
		[141, "U2_24", 1491.65, 3398.02, "T", "SMD", "U2_24", "", "R", 13.78, 68.94, 0, 180],
		[142, "U2_25", 1516.85, 3398.02, "T", "SMD", "U2_25", "", "R", 13.78, 68.94, 0, 180],
		[143, "U2_26", 1542.05, 3398.02, "T", "SMD", "$1N1333", "", "R", 13.78, 68.94, 0, 180],
		[144, "U2_27", 1567.24, 3398.02, "T", "SMD", "$1N1341", "", "R", 13.78, 68.94, 0, 180],
		[145, "U2_28", 1592.44, 3398.02, "T", "SMD", "U2_28", "", "R", 13.78, 68.94, 0, 180],
		[146, "U6_1", 1537.48, 4522.17, "T", "SMD", "$1N10390", "", "R", 11.81, 31.5, 0, 180],
		[147, "U6_2", 1517.8, 4522.17, "T", "SMD", "$1N10572", "", "R", 11.81, 31.5, 0, 180],
		[148, "U6_3", 1498.11, 4522.17, "T", "SMD", "$1N10576", "", "R", 11.81, 31.5, 0, 180],
		[149, "U6_4", 1478.43, 4522.17, "T", "SMD", "$1N10211", "", "R", 11.81, 31.5, 0, 180],
		[150, "U6_5", 1458.74, 4522.17, "T", "SMD", "GND", "GND", "R", 11.81, 31.5, 0, 180],
		[151, "U6_6", 1439.06, 4522.17, "T", "SMD", "+1.8V", "", "R", 11.81, 31.5, 0, 180],
		[152, "U6_7", 1409.53, 4492.64, "T", "SMD", "$1N10766", "", "R", 11.81, 31.5, 0, 270],
		[153, "U6_8", 1409.53, 4472.96, "T", "SMD", "U6_8", "", "R", 11.81, 31.5, 0, 270],
		[154, "U6_9", 1409.53, 4453.27, "T", "SMD", "PB7", "", "R", 11.81, 31.5, 0, 270],
		[155, "U6_10", 1409.53, 4433.59, "T", "SMD", "PA15", "", "R", 11.81, 31.5, 0, 270],
		[156, "U6_11", 1409.53, 4413.9, "T", "SMD", "+3.3V", "", "R", 11.81, 31.5, 0, 270],
		[157, "U6_12", 1409.53, 4394.22, "T", "SMD", "GND", "GND", "R", 11.81, 31.5, 0, 270],
		[158, "U6_13", 1439.06, 4364.69, "T", "SMD", "+1.8V", "", "R", 11.81, 31.5, 0, 0],
		[159, "U6_14", 1458.74, 4364.69, "T", "SMD", "PA8", "", "R", 11.81, 31.5, 0, 0],
		[160, "U6_15", 1478.43, 4364.69, "T", "SMD", "PB5", "", "R", 11.81, 31.5, 0, 0],
		[161, "U6_16", 1498.11, 4364.69, "T", "SMD", "PA10", "", "R", 11.81, 31.5, 0, 0],
		[162, "U6_17", 1517.8, 4364.69, "T", "SMD", "PA4", "", "R", 11.81, 31.5, 0, 0],
		[163, "U6_18", 1537.48, 4364.69, "T", "SMD", "PB3", "", "R", 11.81, 31.5, 0, 0],
		[164, "U6_19", 1567.01, 4394.22, "T", "SMD", "PA7", "", "R", 11.81, 31.5, 0, 90],
		[165, "U6_20", 1567.01, 4413.9, "T", "SMD", "U6_20", "", "R", 11.81, 31.5, 0, 90],
		[166, "U6_21", 1567.01, 4433.59, "T", "SMD", "U6_21", "", "R", 11.81, 31.5, 0, 90],
		[167, "U6_22", 1567.01, 4453.27, "T", "SMD", "$1N10660", "", "R", 11.81, 31.5, 0, 90],
		[168, "U6_23", 1567.01, 4472.96, "T", "SMD", "$1N10655", "", "R", 11.81, 31.5, 0, 90],
		[169, "U6_24", 1567.01, 4492.64, "T", "SMD", "GND", "GND", "R", 11.81, 31.5, 0, 90],
		[170, "U6_25", 1488.27, 4443.43, "T", "SMD", "GND", "GND", "R", 106.3, 106.3, 0, 180],
		[171, "U7_1", 1664.08, 3816.22, "T", "SMD", "+3.3V", "", "O", 17.64, 66.3, 0, 90],
		[172, "U7_2", 1664.08, 3847.72, "T", "SMD", "U7_2", "", "O", 17.64, 66.3, 0, 90],
		[173, "U7_3", 1664.08, 3879.22, "T", "SMD", "U7_3", "", "O", 17.64, 66.3, 0, 90],
		[174, "U7_4", 1664.08, 3910.71, "T", "SMD", "NRST", "", "O", 17.64, 66.3, 0, 90],
		[175, "U7_5", 1664.08, 3942.21, "T", "SMD", "PA0", "", "O", 17.64, 66.3, 0, 90],
		[176, "U7_6", 1664.08, 3973.7, "T", "SMD", "PA1", "", "O", 17.64, 66.3, 0, 90],
		[177, "U7_7", 1664.08, 4005.2, "T", "SMD", "PA2", "", "O", 17.64, 66.3, 0, 90],
		[178, "U7_8", 1664.08, 4036.7, "T", "SMD", "PA3", "", "O", 17.64, 66.3, 0, 90],
		[179, "U7_9", 1607.31, 4093.47, "T", "SMD", "PA4", "", "O", 66.3, 17.64, 0, 90],
		[180, "U7_10", 1575.81, 4093.47, "T", "SMD", "PA5", "", "O", 66.3, 17.64, 0, 90],
		[181, "U7_11", 1544.31, 4093.47, "T", "SMD", "PA6", "", "O", 66.3, 17.64, 0, 90],
		[182, "U7_12", 1512.82, 4093.47, "T", "SMD", "PA7", "", "O", 66.3, 17.64, 0, 90],
		[183, "U7_13", 1481.32, 4093.47, "T", "SMD", "$1N11459", "", "O", 66.3, 17.64, 0, 90],
		[184, "U7_14", 1449.83, 4093.47, "T", "SMD", "GND", "GND", "O", 66.3, 17.64, 0, 90],
		[185, "U7_15", 1418.33, 4093.47, "T", "SMD", "+3.3V", "", "O", 66.3, 17.64, 0, 90],
		[186, "U7_16", 1386.83, 4093.47, "T", "SMD", "GND", "GND", "O", 66.3, 17.64, 0, 90],
		[187, "U7_17", 1330.06, 4036.7, "T", "SMD", "+3.3V", "", "O", 17.64, 66.3, 0, 90],
		[188, "U7_18", 1330.06, 4005.2, "T", "SMD", "PA8", "", "O", 17.64, 66.3, 0, 90],
		[189, "U7_19", 1330.06, 3973.7, "T", "SMD", "PA9", "", "O", 17.64, 66.3, 0, 90],
		[190, "U7_20", 1330.06, 3942.21, "T", "SMD", "PA10", "", "O", 17.64, 66.3, 0, 90],
		[191, "U7_21", 1330.06, 3910.71, "T", "SMD", "PA11", "", "O", 17.64, 66.3, 0, 90],
		[192, "U7_22", 1330.06, 3879.22, "T", "SMD", "PA12", "", "O", 17.64, 66.3, 0, 90],
		[193, "U7_23", 1330.06, 3847.72, "T", "SMD", "PA13", "", "O", 17.64, 66.3, 0, 90],
		[194, "U7_24", 1330.06, 3816.22, "T", "SMD", "PA14", "", "O", 17.64, 66.3, 0, 90],
		[195, "U7_25", 1386.83, 3759.45, "T", "SMD", "PA15", "", "O", 66.3, 17.64, 0, 90],
		[196, "U7_26", 1418.33, 3759.45, "T", "SMD", "PB3", "", "O", 66.3, 17.64, 0, 90],
		[197, "U7_27", 1449.83, 3759.45, "T", "SMD", "PB4", "", "O", 66.3, 17.64, 0, 90],
		[198, "U7_28", 1481.32, 3759.45, "T", "SMD", "PB5", "", "O", 66.3, 17.64, 0, 90],
		[199, "U7_29", 1512.82, 3759.45, "T", "SMD", "PB6", "", "O", 66.3, 17.64, 0, 90],
		[200, "U7_30", 1544.31, 3759.45, "T", "SMD", "PB7", "", "O", 66.3, 17.64, 0, 90],
		[201, "U7_31", 1575.81, 3759.45, "T", "SMD", "$1N11459", "", "O", 66.3, 17.64, 0, 90],
		[202, "U7_32", 1607.31, 3759.45, "T", "SMD", "GND", "GND", "O", 66.3, 17.64, 0, 90],
		[203, "U10_1", 1826.26, 3231.49, "T", "SMD", "$1N11459", "", "R", 39.37, 27.56, 0, 0],
		[204, "U10_2", 1983.74, 3231.49, "T", "SMD", "$1N11459", "", "R", 39.37, 27.56, 0, 0],
		[205, "U10_3", 1826.26, 3168.51, "T", "SMD", "+3.3V", "", "R", 39.37, 27.56, 0, 0],
		[206, "U10_4", 1983.74, 3168.51, "T", "SMD", "+3.3V", "", "R", 39.37, 27.56, 0, 0],
		[207, "U11_1", 1015.83, 4467.66, "T", "SMD", "+3.3V", "", "R", 23.62, 39.37, 0, 0],
		[208, "U11_2", 1053.22, 4467.66, "T", "SMD", "GND", "GND", "R", 23.62, 39.37, 0, 0],
		[209, "U11_3", 1090.62, 4467.66, "T", "SMD", "+3.3V", "", "R", 23.62, 39.37, 0, 0],
		[210, "U11_4", 1090.63, 4554.28, "T", "SMD", "U11_4", "", "R", 23.62, 39.37, 0, 0],
		[211, "U11_5", 1015.82, 4554.28, "T", "SMD", "+1.8V", "", "R", 23.62, 39.37, 0, 0],
		[212, "USB1_1", 2006.97, 3527.21, "T", "SMD", "VBUS", "", "R", 44.09, 113.39, 0, 90],
		[213, "USB1_2", 2006.97, 3625.63, "T", "SMD", "A_D-", "", "R", 44.09, 113.39, 0, 90],
		[214, "USB1_3", 2006.97, 3704.37, "T", "SMD", "A_D+", "", "R", 44.09, 113.39, 0, 90],
		[215, "USB1_4", 2006.97, 3802.79, "T", "SMD", "GND", "GND", "R", 44.09, 113.39, 0, 90],
		[216, "USB1_5", 2353.03, 3411.06, "T", "DIP", "USB1_5", "", "O", 47.24, 122.05, 98.42, 90],
		[217, "USB1_5", 2353.03, 3411.06, "B", "DIP", "USB1_5", "", "O", 47.24, 122.05, 98.42, 90],
		[218, "USB1_6", 2353.03, 3918.94, "T", "DIP", "USB1_6", "", "O", 47.24, 122.05, 98.42, 90],
		[219, "USB1_6", 2353.03, 3918.94, "B", "DIP", "USB1_6", "", "O", 47.24, 122.05, 98.42, 90],
		[220, "USB2_0", 600.66, 4139.64, "T", "DIP", "GND", "GND", "O", 39.37, 70.87, 55.12, 270],
		[221, "USB2_0", 600.66, 4139.64, "B", "DIP", "GND", "GND", "O", 39.37, 70.87, 55.12, 270],
		[222, "USB2_0", 600.66, 3799.48, "T", "DIP", "GND", "GND", "O", 39.37, 70.87, 55.12, 270],
		[223, "USB2_0", 600.66, 3799.48, "B", "DIP", "GND", "GND", "O", 39.37, 70.87, 55.12, 270],
		[224, "USB2_0", 765.22, 3799.48, "T", "DIP", "GND", "GND", "O", 43.31, 82.68, 66.93, 270],
		[225, "USB2_0", 765.22, 3799.48, "B", "DIP", "GND", "GND", "O", 43.31, 82.68, 66.93, 270],
		[226, "USB2_0", 765.22, 4139.64, "T", "DIP", "GND", "GND", "O", 43.31, 82.68, 66.93, 270],
		[227, "USB2_0", 765.22, 4139.64, "B", "DIP", "GND", "GND", "O", 43.31, 82.68, 66.93, 270],
		[228, "USB2_A1", 787.43, 4101.46, "T", "SMD", "GND", "GND", "R", 11.81, 45.28, 0, 270],
		[229, "USB2_A12", 787.48, 3837.66, "T", "SMD", "GND", "GND", "R", 11.81, 45.28, 0, 270],
		[230, "USB2_A4", 787.43, 4069.96, "T", "SMD", "VBUS", "", "R", 11.81, 45.28, 0, 270],
		[231, "USB2_A5", 787.48, 4018.76, "T", "SMD", "$1N8826", "", "R", 11.81, 45.28, 0, 270],
		[232, "USB2_A6", 787.48, 3979.36, "T", "SMD", "$1N8824", "", "R", 11.81, 45.28, 0, 270],
		[233, "USB2_A7", 787.43, 3959.71, "T", "SMD", "$1N8825", "", "R", 11.81, 45.28, 0, 270],
		[234, "USB2_A8", 787.48, 3920.36, "T", "SMD", "USB2_A8", "", "R", 11.81, 45.28, 0, 270],
		[235, "USB2_A9", 787.48, 3869.16, "T", "SMD", "VBUS", "", "R", 11.81, 45.28, 0, 270],
		[236, "USB2_B1", 787.48, 3849.46, "T", "SMD", "GND", "GND", "R", 11.81, 45.28, 0, 270],
		[237, "USB2_B12", 787.43, 4089.66, "T", "SMD", "GND", "GND", "R", 11.81, 45.28, 0, 270],
		[238, "USB2_B4", 787.48, 3880.96, "T", "SMD", "VBUS", "", "R", 11.81, 45.28, 0, 270],
		[239, "USB2_B5", 787.48, 3900.66, "T", "SMD", "$1N8823", "", "R", 11.81, 45.28, 0, 270],
		[240, "USB2_B6", 787.48, 3940.06, "T", "SMD", "$1N8824", "", "R", 11.81, 45.28, 0, 270],
		[241, "USB2_B7", 787.43, 3999.06, "T", "SMD", "$1N8825", "", "R", 11.81, 45.28, 0, 270],
		[242, "USB2_B8", 787.48, 4038.46, "T", "SMD", "USB2_B8", "", "R", 11.81, 45.28, 0, 270],
		[243, "USB2_B9", 787.43, 4058.16, "T", "SMD", "VBUS", "", "R", 11.81, 45.28, 0, 270],
		[244, "X1_1", 1754.58, 3463.82, "T", "SMD", "$1N1327", "", "R", 55.12, 47.24, 0, 90],
		[245, "X1_2", 1754.58, 3550.44, "T", "SMD", "GND", "GND", "R", 55.12, 47.24, 0, 90],
		[246, "X1_3", 1685.68, 3550.44, "T", "SMD", "$1N1326", "", "R", 55.12, 47.24, 0, 90],
		[247, "X1_4", 1685.68, 3463.82, "T", "SMD", "GND", "GND", "R", 55.12, 47.24, 0, 90]
	]
}
}